Image_Path,Next_Image_Path
/sddata/projects/Cervical_Cancer_Projects/data/IRIS_cambodia/MSK 000001 001.jpeg,/sddata/projects/Cervical_Cancer_Projects/data/IRIS_cambodia/MSK 000001 002.jpeg
/sddata/projects/Cervical_Cancer_Projects/data/IRIS_cambodia/MSK 000001 002.jpeg,/sddata/projects/Cervical_Cancer_Projects/data/IRIS_cambodia/MSK 000001 003.jpeg
/sddata/projects/Cervical_Cancer_Projects/data/IRIS_cambodia/MSK 000001 003.jpeg,/sddata/projects/Cervical_Cancer_Projects/data/IRIS_cambodia/MSK 000001 004.jpeg
/sddata/projects/Cervical_Cancer_Projects/data/IRIS_cambodia/MSK 000001 004.jpeg,/sddata/projects/Cervical_Cancer_Projects/data/IRIS_cambodia/MSK 000001 005.jpeg
/sddata/projects/Cervical_Cancer_Projects/data/IRIS_cambodia/MSK 000001 005.jpeg,/sddata/projects/Cervical_Cancer_Projects/data/IRIS_cambodia/MSK 000001 006.jpeg
/sddata/projects/Cervical_Cancer_Projects/data/IRIS_cambodia/MSK 000001 006.jpeg,/sddata/projects/Cervical_Cancer_Projects/data/IRIS_cambodia/MSK 000001 007.jpeg
/sddata/projects/Cervical_Cancer_Projects/data/IRIS_cambodia/MSK 000001 007.jpeg,/sddata/projects/Cervical_Cancer_Projects/data/IRIS_cambodia/MSK 000001 008.jpeg
/sddata/projects/Cervical_Cancer_Projects/data/IRIS_cambodia/MSK 000001 008.jpeg,/sddata/projects/Cervical_Cancer_Projects/data/IRIS_cambodia/MSK 000001 009.jpeg
/sddata/projects/Cervical_Cancer_Projects/data/IRIS_cambodia/MSK 000001 009.jpeg,/sddata/projects/Cervical_Cancer_Projects/data/IRIS_cambodia/MSK 000001 010.jpeg
/sddata/projects/Cervical_Cancer_Projects/data/IRIS_cambodia/MSK 000001 010.jpeg,/sddata/projects/Cervical_Cancer_Projects/data/IRIS_cambodia/MSK 000001 011.jpeg
/sddata/projects/Cervical_Cancer_Projects/data/IRIS_cambodia/MSK 000001 011.jpeg,/sddata/projects/Cervical_Cancer_Projects/data/IRIS_cambodia/MSK 000001 012.jpeg
/sddata/projects/Cervical_Cancer_Projects/data/IRIS_cambodia/MSK 000002 001.jpeg,/sddata/projects/Cervical_Cancer_Projects/data/IRIS_cambodia/MSK 000002 002.jpeg
/sddata/projects/Cervical_Cancer_Projects/data/IRIS_cambodia/MSK 000002 002.jpeg,/sddata/projects/Cervical_Cancer_Projects/data/IRIS_cambodia/MSK 000002 003.jpeg
/sddata/projects/Cervical_Cancer_Projects/data/IRIS_cambodia/MSK 000002 003.jpeg,/sddata/projects/Cervical_Cancer_Projects/data/IRIS_cambodia/MSK 000002 004.jpeg
/sddata/projects/Cervical_Cancer_Projects/data/IRIS_cambodia/MSK 000002 004.jpeg,/sddata/projects/Cervical_Cancer_Projects/data/IRIS_cambodia/MSK 000002 005.jpeg
/sddata/projects/Cervical_Cancer_Projects/data/IRIS_cambodia/MSK 000002 005.jpeg,/sddata/projects/Cervical_Cancer_Projects/data/IRIS_cambodia/MSK 000002 006.jpeg
/sddata/projects/Cervical_Cancer_Projects/data/IRIS_cambodia/MSK 000003 001.jpeg,/sddata/projects/Cervical_Cancer_Projects/data/IRIS_cambodia/MSK 000003 002.jpeg
/sddata/projects/Cervical_Cancer_Projects/data/IRIS_cambodia/MSK 000003 002.jpeg,/sddata/projects/Cervical_Cancer_Projects/data/IRIS_cambodia/MSK 000003 003.jpeg
/sddata/projects/Cervical_Cancer_Projects/data/IRIS_cambodia/MSK 000003 003.jpeg,/sddata/projects/Cervical_Cancer_Projects/data/IRIS_cambodia/MSK 000003 004.jpeg
/sddata/projects/Cervical_Cancer_Projects/data/IRIS_cambodia/MSK 000003 004.jpeg,/sddata/projects/Cervical_Cancer_Projects/data/IRIS_cambodia/MSK 000003 005.jpeg
/sddata/projects/Cervical_Cancer_Projects/data/IRIS_cambodia/MSK 000003 005.jpeg,/sddata/projects/Cervical_Cancer_Projects/data/IRIS_cambodia/MSK 000003 006.jpeg
/sddata/projects/Cervical_Cancer_Projects/data/IRIS_cambodia/MSK 000004 001.jpeg,/sddata/projects/Cervical_Cancer_Projects/data/IRIS_cambodia/MSK 000004 002.jpeg
/sddata/projects/Cervical_Cancer_Projects/data/IRIS_cambodia/MSK 000004 002.jpeg,/sddata/projects/Cervical_Cancer_Projects/data/IRIS_cambodia/MSK 000004 003.jpeg
/sddata/projects/Cervical_Cancer_Projects/data/IRIS_cambodia/MSK 000004 003.jpeg,/sddata/projects/Cervical_Cancer_Projects/data/IRIS_cambodia/MSK 000004 004.jpeg
/sddata/projects/Cervical_Cancer_Projects/data/IRIS_cambodia/MSK 000004 004.jpeg,/sddata/projects/Cervical_Cancer_Projects/data/IRIS_cambodia/MSK 000004 005.jpeg
/sddata/projects/Cervical_Cancer_Projects/data/IRIS_cambodia/MSK 000004 005.jpeg,/sddata/projects/Cervical_Cancer_Projects/data/IRIS_cambodia/MSK 000004 006.jpeg
/sddata/projects/Cervical_Cancer_Projects/data/IRIS_cambodia/MSK 000004 006.jpeg,/sddata/projects/Cervical_Cancer_Projects/data/IRIS_cambodia/MSK 000004 007.jpeg
/sddata/projects/Cervical_Cancer_Projects/data/IRIS_cambodia/MSK 000004 007.jpeg,/sddata/projects/Cervical_Cancer_Projects/data/IRIS_cambodia/MSK 000004 008.jpeg
/sddata/projects/Cervical_Cancer_Projects/data/IRIS_cambodia/MSK 000005 001.jpeg,/sddata/projects/Cervical_Cancer_Projects/data/IRIS_cambodia/MSK 000005 002.jpeg
/sddata/projects/Cervical_Cancer_Projects/data/IRIS_cambodia/MSK 000005 002.jpeg,/sddata/projects/Cervical_Cancer_Projects/data/IRIS_cambodia/MSK 000005 003.jpeg
/sddata/projects/Cervical_Cancer_Projects/data/IRIS_cambodia/MSK 000005 003.jpeg,/sddata/projects/Cervical_Cancer_Projects/data/IRIS_cambodia/MSK 000005 004.jpeg
/sddata/projects/Cervical_Cancer_Projects/data/IRIS_cambodia/MSK 000005 004.jpeg,/sddata/projects/Cervical_Cancer_Projects/data/IRIS_cambodia/MSK 000005 005.jpeg
/sddata/projects/Cervical_Cancer_Projects/data/IRIS_cambodia/MSK 000005 005.jpeg,/sddata/projects/Cervical_Cancer_Projects/data/IRIS_cambodia/MSK 000005 006.jpeg
/sddata/projects/Cervical_Cancer_Projects/data/IRIS_cambodia/MSK 000005 006.jpeg,/sddata/projects/Cervical_Cancer_Projects/data/IRIS_cambodia/MSK 000005 007.jpeg
/sddata/projects/Cervical_Cancer_Projects/data/IRIS_cambodia/MSK 000005 007.jpeg,/sddata/projects/Cervical_Cancer_Projects/data/IRIS_cambodia/MSK 000005 008.jpeg
/sddata/projects/Cervical_Cancer_Projects/data/IRIS_cambodia/MSK 000006 001.jpeg,/sddata/projects/Cervical_Cancer_Projects/data/IRIS_cambodia/MSK 000006 002.jpeg
/sddata/projects/Cervical_Cancer_Projects/data/IRIS_cambodia/MSK 000006 002.jpeg,/sddata/projects/Cervical_Cancer_Projects/data/IRIS_cambodia/MSK 000006 003.jpeg
/sddata/projects/Cervical_Cancer_Projects/data/IRIS_cambodia/MSK 000006 003.jpeg,/sddata/projects/Cervical_Cancer_Projects/data/IRIS_cambodia/MSK 000006 004.jpeg
/sddata/projects/Cervical_Cancer_Projects/data/IRIS_cambodia/MSK 000006 004.jpeg,/sddata/projects/Cervical_Cancer_Projects/data/IRIS_cambodia/MSK 000006 005.jpeg
/sddata/projects/Cervical_Cancer_Projects/data/IRIS_cambodia/MSK 000006 005.jpeg,/sddata/projects/Cervical_Cancer_Projects/data/IRIS_cambodia/MSK 000006 006.jpeg
/sddata/projects/Cervical_Cancer_Projects/data/IRIS_cambodia/MSK 000007 001.jpeg,/sddata/projects/Cervical_Cancer_Projects/data/IRIS_cambodia/MSK 000007 002.jpeg
/sddata/projects/Cervical_Cancer_Projects/data/IRIS_cambodia/MSK 000007 002.jpeg,/sddata/projects/Cervical_Cancer_Projects/data/IRIS_cambodia/MSK 000007 003.jpeg
/sddata/projects/Cervical_Cancer_Projects/data/IRIS_cambodia/MSK 000007 003.jpeg,/sddata/projects/Cervical_Cancer_Projects/data/IRIS_cambodia/MSK 000007 004.jpeg
/sddata/projects/Cervical_Cancer_Projects/data/IRIS_cambodia/MSK 000007 004.jpeg,/sddata/projects/Cervical_Cancer_Projects/data/IRIS_cambodia/MSK 000007 005.jpeg
/sddata/projects/Cervical_Cancer_Projects/data/IRIS_cambodia/MSK 000007 005.jpeg,/sddata/projects/Cervical_Cancer_Projects/data/IRIS_cambodia/MSK 000007 006.jpeg
/sddata/projects/Cervical_Cancer_Projects/data/IRIS_cambodia/MSK 000007 006.jpeg,/sddata/projects/Cervical_Cancer_Projects/data/IRIS_cambodia/MSK 000007 007.jpeg
/sddata/projects/Cervical_Cancer_Projects/data/IRIS_cambodia/MSK 000007 007.jpeg,/sddata/projects/Cervical_Cancer_Projects/data/IRIS_cambodia/MSK 000007 008.jpeg
/sddata/projects/Cervical_Cancer_Projects/data/IRIS_cambodia/MSK 000008 001.jpeg,/sddata/projects/Cervical_Cancer_Projects/data/IRIS_cambodia/MSK 000008 002.jpeg
/sddata/projects/Cervical_Cancer_Projects/data/IRIS_cambodia/MSK 000008 002.jpeg,/sddata/projects/Cervical_Cancer_Projects/data/IRIS_cambodia/MSK 000008 003.jpeg
/sddata/projects/Cervical_Cancer_Projects/data/IRIS_cambodia/MSK 000008 003.jpeg,/sddata/projects/Cervical_Cancer_Projects/data/IRIS_cambodia/MSK 000008 004.jpeg
/sddata/projects/Cervical_Cancer_Projects/data/IRIS_cambodia/MSK 000008 004.jpeg,/sddata/projects/Cervical_Cancer_Projects/data/IRIS_cambodia/MSK 000008 005.jpeg
/sddata/projects/Cervical_Cancer_Projects/data/IRIS_cambodia/MSK 000008 005.jpeg,/sddata/projects/Cervical_Cancer_Projects/data/IRIS_cambodia/MSK 000008 006.jpeg
/sddata/projects/Cervical_Cancer_Projects/data/IRIS_cambodia/MSK 000009 001.jpeg,/sddata/projects/Cervical_Cancer_Projects/data/IRIS_cambodia/MSK 000009 002.jpeg
/sddata/projects/Cervical_Cancer_Projects/data/IRIS_cambodia/MSK 000009 002.jpeg,/sddata/projects/Cervical_Cancer_Projects/data/IRIS_cambodia/MSK 000009 003.jpeg
/sddata/projects/Cervical_Cancer_Projects/data/IRIS_cambodia/MSK 000009 003.jpeg,/sddata/projects/Cervical_Cancer_Projects/data/IRIS_cambodia/MSK 000009 004.jpeg
/sddata/projects/Cervical_Cancer_Projects/data/IRIS_cambodia/MSK 000009 004.jpeg,/sddata/projects/Cervical_Cancer_Projects/data/IRIS_cambodia/MSK 000009 005.jpeg
/sddata/projects/Cervical_Cancer_Projects/data/IRIS_cambodia/MSK 000009 005.jpeg,/sddata/projects/Cervical_Cancer_Projects/data/IRIS_cambodia/MSK 000009 006.jpeg
/sddata/projects/Cervical_Cancer_Projects/data/IRIS_cambodia/MSK 000009 006.jpeg,/sddata/projects/Cervical_Cancer_Projects/data/IRIS_cambodia/MSK 000009 007.jpeg
/sddata/projects/Cervical_Cancer_Projects/data/IRIS_cambodia/MSK 000009 007.jpeg,/sddata/projects/Cervical_Cancer_Projects/data/IRIS_cambodia/MSK 000009 008.jpeg
/sddata/projects/Cervical_Cancer_Projects/data/IRIS_cambodia/MSK 000010 001.jpeg,/sddata/projects/Cervical_Cancer_Projects/data/IRIS_cambodia/MSK 000010 002.jpeg
/sddata/projects/Cervical_Cancer_Projects/data/IRIS_cambodia/MSK 000010 002.jpeg,/sddata/projects/Cervical_Cancer_Projects/data/IRIS_cambodia/MSK 000010 003.jpeg
/sddata/projects/Cervical_Cancer_Projects/data/IRIS_cambodia/MSK 000010 003.jpeg,/sddata/projects/Cervical_Cancer_Projects/data/IRIS_cambodia/MSK 000010 004.jpeg
/sddata/projects/Cervical_Cancer_Projects/data/IRIS_cambodia/MSK 000010 004.jpeg,/sddata/projects/Cervical_Cancer_Projects/data/IRIS_cambodia/MSK 000010 005.jpeg
/sddata/projects/Cervical_Cancer_Projects/data/IRIS_cambodia/MSK 000010 005.jpeg,/sddata/projects/Cervical_Cancer_Projects/data/IRIS_cambodia/MSK 000010 006.jpeg
/sddata/projects/Cervical_Cancer_Projects/data/IRIS_cambodia/MSK 000011 001.jpeg,/sddata/projects/Cervical_Cancer_Projects/data/IRIS_cambodia/MSK 000011 002.jpeg
/sddata/projects/Cervical_Cancer_Projects/data/IRIS_cambodia/MSK 000011 002.jpeg,/sddata/projects/Cervical_Cancer_Projects/data/IRIS_cambodia/MSK 000011 003.jpeg
/sddata/projects/Cervical_Cancer_Projects/data/IRIS_cambodia/MSK 000011 003.jpeg,/sddata/projects/Cervical_Cancer_Projects/data/IRIS_cambodia/MSK 000011 004.jpeg
/sddata/projects/Cervical_Cancer_Projects/data/IRIS_cambodia/MSK 000011 004.jpeg,/sddata/projects/Cervical_Cancer_Projects/data/IRIS_cambodia/MSK 000011 005.jpeg
/sddata/projects/Cervical_Cancer_Projects/data/IRIS_cambodia/MSK 000011 005.jpeg,/sddata/projects/Cervical_Cancer_Projects/data/IRIS_cambodia/MSK 000011 006.jpeg
/sddata/projects/Cervical_Cancer_Projects/data/IRIS_cambodia/MSK 000012 001.jpeg,/sddata/projects/Cervical_Cancer_Projects/data/IRIS_cambodia/MSK 000012 002.jpeg
/sddata/projects/Cervical_Cancer_Projects/data/IRIS_cambodia/MSK 000012 002.jpeg,/sddata/projects/Cervical_Cancer_Projects/data/IRIS_cambodia/MSK 000012 003.jpeg
/sddata/projects/Cervical_Cancer_Projects/data/IRIS_cambodia/MSK 000012 003.jpeg,/sddata/projects/Cervical_Cancer_Projects/data/IRIS_cambodia/MSK 000012 004.jpeg
/sddata/projects/Cervical_Cancer_Projects/data/IRIS_cambodia/MSK 000012 004.jpeg,/sddata/projects/Cervical_Cancer_Projects/data/IRIS_cambodia/MSK 000012 005.jpeg
/sddata/projects/Cervical_Cancer_Projects/data/IRIS_cambodia/MSK 000012 005.jpeg,/sddata/projects/Cervical_Cancer_Projects/data/IRIS_cambodia/MSK 000012 006.jpeg
/sddata/projects/Cervical_Cancer_Projects/data/IRIS_cambodia/MSK 000012 006.jpeg,/sddata/projects/Cervical_Cancer_Projects/data/IRIS_cambodia/MSK 000012 007.jpeg
/sddata/projects/Cervical_Cancer_Projects/data/IRIS_cambodia/MSK 000012 007.jpeg,/sddata/projects/Cervical_Cancer_Projects/data/IRIS_cambodia/MSK 000012 008.jpeg
/sddata/projects/Cervical_Cancer_Projects/data/IRIS_cambodia/MSK 000012 008.jpeg,/sddata/projects/Cervical_Cancer_Projects/data/IRIS_cambodia/MSK 000012 009.jpeg
/sddata/projects/Cervical_Cancer_Projects/data/IRIS_cambodia/MSK 000012 009.jpeg,/sddata/projects/Cervical_Cancer_Projects/data/IRIS_cambodia/MSK 000012 010.jpeg
/sddata/projects/Cervical_Cancer_Projects/data/IRIS_cambodia/MSK 000013 001.jpeg,/sddata/projects/Cervical_Cancer_Projects/data/IRIS_cambodia/MSK 000013 002.jpeg
/sddata/projects/Cervical_Cancer_Projects/data/IRIS_cambodia/MSK 000013 002.jpeg,/sddata/projects/Cervical_Cancer_Projects/data/IRIS_cambodia/MSK 000013 003.jpeg
/sddata/projects/Cervical_Cancer_Projects/data/IRIS_cambodia/MSK 000013 003.jpeg,/sddata/projects/Cervical_Cancer_Projects/data/IRIS_cambodia/MSK 000013 004.jpeg
/sddata/projects/Cervical_Cancer_Projects/data/IRIS_cambodia/MSK 000013 004.jpeg,/sddata/projects/Cervical_Cancer_Projects/data/IRIS_cambodia/MSK 000013 005.jpeg
/sddata/projects/Cervical_Cancer_Projects/data/IRIS_cambodia/MSK 000013 005.jpeg,/sddata/projects/Cervical_Cancer_Projects/data/IRIS_cambodia/MSK 000013 006.jpeg
/sddata/projects/Cervical_Cancer_Projects/data/IRIS_cambodia/MSK 000013 006.jpeg,/sddata/projects/Cervical_Cancer_Projects/data/IRIS_cambodia/MSK 000013 007.jpeg
/sddata/projects/Cervical_Cancer_Projects/data/IRIS_cambodia/MSK 000013 007.jpeg,/sddata/projects/Cervical_Cancer_Projects/data/IRIS_cambodia/MSK 000013 008.jpeg
/sddata/projects/Cervical_Cancer_Projects/data/IRIS_cambodia/MSK 000014 001.jpeg,/sddata/projects/Cervical_Cancer_Projects/data/IRIS_cambodia/MSK 000014 002.jpeg
/sddata/projects/Cervical_Cancer_Projects/data/IRIS_cambodia/MSK 000014 002.jpeg,/sddata/projects/Cervical_Cancer_Projects/data/IRIS_cambodia/MSK 000014 003.jpeg
/sddata/projects/Cervical_Cancer_Projects/data/IRIS_cambodia/MSK 000014 003.jpeg,/sddata/projects/Cervical_Cancer_Projects/data/IRIS_cambodia/MSK 000014 004.jpeg
/sddata/projects/Cervical_Cancer_Projects/data/IRIS_cambodia/MSK 000014 004.jpeg,/sddata/projects/Cervical_Cancer_Projects/data/IRIS_cambodia/MSK 000014 005.jpeg
/sddata/projects/Cervical_Cancer_Projects/data/IRIS_cambodia/MSK 000014 005.jpeg,/sddata/projects/Cervical_Cancer_Projects/data/IRIS_cambodia/MSK 000014 006.jpeg
/sddata/projects/Cervical_Cancer_Projects/data/IRIS_cambodia/MSK 000014 006.jpeg,/sddata/projects/Cervical_Cancer_Projects/data/IRIS_cambodia/MSK 000014 007.jpeg
/sddata/projects/Cervical_Cancer_Projects/data/IRIS_cambodia/MSK 000014 007.jpeg,/sddata/projects/Cervical_Cancer_Projects/data/IRIS_cambodia/MSK 000014 008.jpeg
/sddata/projects/Cervical_Cancer_Projects/data/IRIS_cambodia/MSK 000015 001.jpeg,/sddata/projects/Cervical_Cancer_Projects/data/IRIS_cambodia/MSK 000015 002.jpeg
/sddata/projects/Cervical_Cancer_Projects/data/IRIS_cambodia/MSK 000015 002.jpeg,/sddata/projects/Cervical_Cancer_Projects/data/IRIS_cambodia/MSK 000015 003.jpeg
/sddata/projects/Cervical_Cancer_Projects/data/IRIS_cambodia/MSK 000015 003.jpeg,/sddata/projects/Cervical_Cancer_Projects/data/IRIS_cambodia/MSK 000015 004.jpeg
/sddata/projects/Cervical_Cancer_Projects/data/IRIS_cambodia/MSK 000015 004.jpeg,/sddata/projects/Cervical_Cancer_Projects/data/IRIS_cambodia/MSK 000015 005.jpeg
/sddata/projects/Cervical_Cancer_Projects/data/IRIS_cambodia/MSK 000015 005.jpeg,/sddata/projects/Cervical_Cancer_Projects/data/IRIS_cambodia/MSK 000015 006.jpeg
/sddata/projects/Cervical_Cancer_Projects/data/IRIS_cambodia/MSK 000015 006.jpeg,/sddata/projects/Cervical_Cancer_Projects/data/IRIS_cambodia/MSK 000015 007.jpeg
/sddata/projects/Cervical_Cancer_Projects/data/IRIS_cambodia/MSK 000015 007.jpeg,/sddata/projects/Cervical_Cancer_Projects/data/IRIS_cambodia/MSK 000015 008.jpeg
/sddata/projects/Cervical_Cancer_Projects/data/IRIS_cambodia/MSK 000016 001.jpeg,/sddata/projects/Cervical_Cancer_Projects/data/IRIS_cambodia/MSK 000016 002.jpeg
/sddata/projects/Cervical_Cancer_Projects/data/IRIS_cambodia/MSK 000016 002.jpeg,/sddata/projects/Cervical_Cancer_Projects/data/IRIS_cambodia/MSK 000016 003.jpeg
/sddata/projects/Cervical_Cancer_Projects/data/IRIS_cambodia/MSK 000016 003.jpeg,/sddata/projects/Cervical_Cancer_Projects/data/IRIS_cambodia/MSK 000016 004.jpeg
/sddata/projects/Cervical_Cancer_Projects/data/IRIS_cambodia/MSK 000016 004.jpeg,/sddata/projects/Cervical_Cancer_Projects/data/IRIS_cambodia/MSK 000016 005.jpeg
/sddata/projects/Cervical_Cancer_Projects/data/IRIS_cambodia/MSK 000016 005.jpeg,/sddata/projects/Cervical_Cancer_Projects/data/IRIS_cambodia/MSK 000016 006.jpeg
/sddata/projects/Cervical_Cancer_Projects/data/IRIS_cambodia/MSK 000016 006.jpeg,/sddata/projects/Cervical_Cancer_Projects/data/IRIS_cambodia/MSK 000016 007.jpeg
/sddata/projects/Cervical_Cancer_Projects/data/IRIS_cambodia/MSK 000016 007.jpeg,/sddata/projects/Cervical_Cancer_Projects/data/IRIS_cambodia/MSK 000016 008.jpeg
/sddata/projects/Cervical_Cancer_Projects/data/IRIS_cambodia/MSK 000016 008.jpeg,/sddata/projects/Cervical_Cancer_Projects/data/IRIS_cambodia/MSK 000016 009.jpeg
/sddata/projects/Cervical_Cancer_Projects/data/IRIS_cambodia/MSK 000016 009.jpeg,/sddata/projects/Cervical_Cancer_Projects/data/IRIS_cambodia/MSK 000016 010.jpeg
/sddata/projects/Cervical_Cancer_Projects/data/IRIS_cambodia/MSK 000017 001.jpeg,/sddata/projects/Cervical_Cancer_Projects/data/IRIS_cambodia/MSK 000017 002.jpeg
/sddata/projects/Cervical_Cancer_Projects/data/IRIS_cambodia/MSK 000017 002.jpeg,/sddata/projects/Cervical_Cancer_Projects/data/IRIS_cambodia/MSK 000017 003.jpeg
/sddata/projects/Cervical_Cancer_Projects/data/IRIS_cambodia/MSK 000017 003.jpeg,/sddata/projects/Cervical_Cancer_Projects/data/IRIS_cambodia/MSK 000017 004.jpeg
/sddata/projects/Cervical_Cancer_Projects/data/IRIS_cambodia/MSK 000017 004.jpeg,/sddata/projects/Cervical_Cancer_Projects/data/IRIS_cambodia/MSK 000017 005.jpeg
/sddata/projects/Cervical_Cancer_Projects/data/IRIS_cambodia/MSK 000017 005.jpeg,/sddata/projects/Cervical_Cancer_Projects/data/IRIS_cambodia/MSK 000017 006.jpeg
/sddata/projects/Cervical_Cancer_Projects/data/IRIS_cambodia/MSK 000018 001.jpeg,/sddata/projects/Cervical_Cancer_Projects/data/IRIS_cambodia/MSK 000018 002.jpeg
/sddata/projects/Cervical_Cancer_Projects/data/IRIS_cambodia/MSK 000018 002.jpeg,/sddata/projects/Cervical_Cancer_Projects/data/IRIS_cambodia/MSK 000018 003.jpeg
/sddata/projects/Cervical_Cancer_Projects/data/IRIS_cambodia/MSK 000018 003.jpeg,/sddata/projects/Cervical_Cancer_Projects/data/IRIS_cambodia/MSK 000018 004.jpeg
/sddata/projects/Cervical_Cancer_Projects/data/IRIS_cambodia/MSK 000018 004.jpeg,/sddata/projects/Cervical_Cancer_Projects/data/IRIS_cambodia/MSK 000018 005.jpeg
/sddata/projects/Cervical_Cancer_Projects/data/IRIS_cambodia/MSK 000018 005.jpeg,/sddata/projects/Cervical_Cancer_Projects/data/IRIS_cambodia/MSK 000018 006.jpeg
/sddata/projects/Cervical_Cancer_Projects/data/IRIS_cambodia/MSK 000018 006.jpeg,/sddata/projects/Cervical_Cancer_Projects/data/IRIS_cambodia/MSK 000018 007.jpeg
/sddata/projects/Cervical_Cancer_Projects/data/IRIS_cambodia/MSK 000018 007.jpeg,/sddata/projects/Cervical_Cancer_Projects/data/IRIS_cambodia/MSK 000018 008.jpeg
/sddata/projects/Cervical_Cancer_Projects/data/IRIS_cambodia/MSK 000019 001.jpeg,/sddata/projects/Cervical_Cancer_Projects/data/IRIS_cambodia/MSK 000019 002.jpeg
/sddata/projects/Cervical_Cancer_Projects/data/IRIS_cambodia/MSK 000019 002.jpeg,/sddata/projects/Cervical_Cancer_Projects/data/IRIS_cambodia/MSK 000019 003.jpeg
/sddata/projects/Cervical_Cancer_Projects/data/IRIS_cambodia/MSK 000019 003.jpeg,/sddata/projects/Cervical_Cancer_Projects/data/IRIS_cambodia/MSK 000019 004.jpeg
/sddata/projects/Cervical_Cancer_Projects/data/IRIS_cambodia/MSK 000019 004.jpeg,/sddata/projects/Cervical_Cancer_Projects/data/IRIS_cambodia/MSK 000019 005.jpeg
/sddata/projects/Cervical_Cancer_Projects/data/IRIS_cambodia/MSK 000019 005.jpeg,/sddata/projects/Cervical_Cancer_Projects/data/IRIS_cambodia/MSK 000019 006.jpeg
/sddata/projects/Cervical_Cancer_Projects/data/IRIS_cambodia/MSK 000019 006.jpeg,/sddata/projects/Cervical_Cancer_Projects/data/IRIS_cambodia/MSK 000019 007.jpeg
/sddata/projects/Cervical_Cancer_Projects/data/IRIS_cambodia/MSK 000019 007.jpeg,/sddata/projects/Cervical_Cancer_Projects/data/IRIS_cambodia/MSK 000019 008.jpeg
/sddata/projects/Cervical_Cancer_Projects/data/IRIS_cambodia/MSK 000019 008.jpeg,/sddata/projects/Cervical_Cancer_Projects/data/IRIS_cambodia/MSK 000019 009.jpeg
/sddata/projects/Cervical_Cancer_Projects/data/IRIS_cambodia/MSK 000019 009.jpeg,/sddata/projects/Cervical_Cancer_Projects/data/IRIS_cambodia/MSK 000019 010.jpeg
/sddata/projects/Cervical_Cancer_Projects/data/IRIS_cambodia/MSK 000020 001.jpeg,/sddata/projects/Cervical_Cancer_Projects/data/IRIS_cambodia/MSK 000020 002.jpeg
/sddata/projects/Cervical_Cancer_Projects/data/IRIS_cambodia/MSK 000020 002.jpeg,/sddata/projects/Cervical_Cancer_Projects/data/IRIS_cambodia/MSK 000020 003.jpeg
/sddata/projects/Cervical_Cancer_Projects/data/IRIS_cambodia/MSK 000020 003.jpeg,/sddata/projects/Cervical_Cancer_Projects/data/IRIS_cambodia/MSK 000020 004.jpeg
/sddata/projects/Cervical_Cancer_Projects/data/IRIS_cambodia/MSK 000020 004.jpeg,/sddata/projects/Cervical_Cancer_Projects/data/IRIS_cambodia/MSK 000020 005.jpeg
/sddata/projects/Cervical_Cancer_Projects/data/IRIS_cambodia/MSK 000020 005.jpeg,/sddata/projects/Cervical_Cancer_Projects/data/IRIS_cambodia/MSK 000020 006.jpeg
/sddata/projects/Cervical_Cancer_Projects/data/IRIS_cambodia/MSK 000020 006.jpeg,/sddata/projects/Cervical_Cancer_Projects/data/IRIS_cambodia/MSK 000020 007.jpeg
/sddata/projects/Cervical_Cancer_Projects/data/IRIS_cambodia/MSK 000020 007.jpeg,/sddata/projects/Cervical_Cancer_Projects/data/IRIS_cambodia/MSK 000020 008.jpeg
/sddata/projects/Cervical_Cancer_Projects/data/IRIS_cambodia/MSK 000021 001.jpeg,/sddata/projects/Cervical_Cancer_Projects/data/IRIS_cambodia/MSK 000021 002.jpeg
/sddata/projects/Cervical_Cancer_Projects/data/IRIS_cambodia/MSK 000021 002.jpeg,/sddata/projects/Cervical_Cancer_Projects/data/IRIS_cambodia/MSK 000021 003.jpeg
/sddata/projects/Cervical_Cancer_Projects/data/IRIS_cambodia/MSK 000021 003.jpeg,/sddata/projects/Cervical_Cancer_Projects/data/IRIS_cambodia/MSK 000021 004.jpeg
/sddata/projects/Cervical_Cancer_Projects/data/IRIS_cambodia/MSK 000021 004.jpeg,/sddata/projects/Cervical_Cancer_Projects/data/IRIS_cambodia/MSK 000021 005.jpeg
/sddata/projects/Cervical_Cancer_Projects/data/IRIS_cambodia/MSK 000021 005.jpeg,/sddata/projects/Cervical_Cancer_Projects/data/IRIS_cambodia/MSK 000021 006.jpeg
/sddata/projects/Cervical_Cancer_Projects/data/IRIS_cambodia/MSK 000022 001.jpeg,/sddata/projects/Cervical_Cancer_Projects/data/IRIS_cambodia/MSK 000022 002.jpeg
/sddata/projects/Cervical_Cancer_Projects/data/IRIS_cambodia/MSK 000022 002.jpeg,/sddata/projects/Cervical_Cancer_Projects/data/IRIS_cambodia/MSK 000022 003.jpeg
/sddata/projects/Cervical_Cancer_Projects/data/IRIS_cambodia/MSK 000022 003.jpeg,/sddata/projects/Cervical_Cancer_Projects/data/IRIS_cambodia/MSK 000022 004.jpeg
/sddata/projects/Cervical_Cancer_Projects/data/IRIS_cambodia/MSK 000022 004.jpeg,/sddata/projects/Cervical_Cancer_Projects/data/IRIS_cambodia/MSK 000022 005.jpeg
/sddata/projects/Cervical_Cancer_Projects/data/IRIS_cambodia/MSK 000022 005.jpeg,/sddata/projects/Cervical_Cancer_Projects/data/IRIS_cambodia/MSK 000022 006.jpeg
/sddata/projects/Cervical_Cancer_Projects/data/IRIS_cambodia/MSK 000022 006.jpeg,/sddata/projects/Cervical_Cancer_Projects/data/IRIS_cambodia/MSK 000022 007.jpeg
/sddata/projects/Cervical_Cancer_Projects/data/IRIS_cambodia/MSK 000022 007.jpeg,/sddata/projects/Cervical_Cancer_Projects/data/IRIS_cambodia/MSK 000022 008.jpeg
/sddata/projects/Cervical_Cancer_Projects/data/IRIS_cambodia/MSK 000023 001.jpeg,/sddata/projects/Cervical_Cancer_Projects/data/IRIS_cambodia/MSK 000023 002.jpeg
/sddata/projects/Cervical_Cancer_Projects/data/IRIS_cambodia/MSK 000023 002.jpeg,/sddata/projects/Cervical_Cancer_Projects/data/IRIS_cambodia/MSK 000023 003.jpeg
/sddata/projects/Cervical_Cancer_Projects/data/IRIS_cambodia/MSK 000023 003.jpeg,/sddata/projects/Cervical_Cancer_Projects/data/IRIS_cambodia/MSK 000023 004.jpeg
/sddata/projects/Cervical_Cancer_Projects/data/IRIS_cambodia/MSK 000023 004.jpeg,/sddata/projects/Cervical_Cancer_Projects/data/IRIS_cambodia/MSK 000023 005.jpeg
/sddata/projects/Cervical_Cancer_Projects/data/IRIS_cambodia/MSK 000023 005.jpeg,/sddata/projects/Cervical_Cancer_Projects/data/IRIS_cambodia/MSK 000023 006.jpeg
/sddata/projects/Cervical_Cancer_Projects/data/IRIS_cambodia/MSK 000023 006.jpeg,/sddata/projects/Cervical_Cancer_Projects/data/IRIS_cambodia/MSK 000023 007.jpeg
/sddata/projects/Cervical_Cancer_Projects/data/IRIS_cambodia/MSK 000023 007.jpeg,/sddata/projects/Cervical_Cancer_Projects/data/IRIS_cambodia/MSK 000023 008.jpeg
/sddata/projects/Cervical_Cancer_Projects/data/IRIS_cambodia/MSK 000024 001.jpeg,/sddata/projects/Cervical_Cancer_Projects/data/IRIS_cambodia/MSK 000024 002.jpeg
/sddata/projects/Cervical_Cancer_Projects/data/IRIS_cambodia/MSK 000024 002.jpeg,/sddata/projects/Cervical_Cancer_Projects/data/IRIS_cambodia/MSK 000024 003.jpeg
/sddata/projects/Cervical_Cancer_Projects/data/IRIS_cambodia/MSK 000024 003.jpeg,/sddata/projects/Cervical_Cancer_Projects/data/IRIS_cambodia/MSK 000024 004.jpeg
/sddata/projects/Cervical_Cancer_Projects/data/IRIS_cambodia/MSK 000024 004.jpeg,/sddata/projects/Cervical_Cancer_Projects/data/IRIS_cambodia/MSK 000024 005.jpeg
/sddata/projects/Cervical_Cancer_Projects/data/IRIS_cambodia/MSK 000024 005.jpeg,/sddata/projects/Cervical_Cancer_Projects/data/IRIS_cambodia/MSK 000024 006.jpeg
/sddata/projects/Cervical_Cancer_Projects/data/IRIS_cambodia/MSK 000024 006.jpeg,/sddata/projects/Cervical_Cancer_Projects/data/IRIS_cambodia/MSK 000024 007.jpeg
/sddata/projects/Cervical_Cancer_Projects/data/IRIS_cambodia/MSK 000024 007.jpeg,/sddata/projects/Cervical_Cancer_Projects/data/IRIS_cambodia/MSK 000024 008.jpeg
/sddata/projects/Cervical_Cancer_Projects/data/IRIS_cambodia/MSK 000025 001.jpeg,/sddata/projects/Cervical_Cancer_Projects/data/IRIS_cambodia/MSK 000025 002.jpeg
/sddata/projects/Cervical_Cancer_Projects/data/IRIS_cambodia/MSK 000025 002.jpeg,/sddata/projects/Cervical_Cancer_Projects/data/IRIS_cambodia/MSK 000025 003.jpeg
/sddata/projects/Cervical_Cancer_Projects/data/IRIS_cambodia/MSK 000025 003.jpeg,/sddata/projects/Cervical_Cancer_Projects/data/IRIS_cambodia/MSK 000025 004.jpeg
/sddata/projects/Cervical_Cancer_Projects/data/IRIS_cambodia/MSK 000025 004.jpeg,/sddata/projects/Cervical_Cancer_Projects/data/IRIS_cambodia/MSK 000025 005.jpeg
/sddata/projects/Cervical_Cancer_Projects/data/IRIS_cambodia/MSK 000025 005.jpeg,/sddata/projects/Cervical_Cancer_Projects/data/IRIS_cambodia/MSK 000025 006.jpeg
/sddata/projects/Cervical_Cancer_Projects/data/IRIS_cambodia/MSK 000026 001.jpeg,/sddata/projects/Cervical_Cancer_Projects/data/IRIS_cambodia/MSK 000026 002.jpeg
/sddata/projects/Cervical_Cancer_Projects/data/IRIS_cambodia/MSK 000026 002.jpeg,/sddata/projects/Cervical_Cancer_Projects/data/IRIS_cambodia/MSK 000026 003.jpeg
/sddata/projects/Cervical_Cancer_Projects/data/IRIS_cambodia/MSK 000026 003.jpeg,/sddata/projects/Cervical_Cancer_Projects/data/IRIS_cambodia/MSK 000026 004.jpeg
/sddata/projects/Cervical_Cancer_Projects/data/IRIS_cambodia/MSK 000026 004.jpeg,/sddata/projects/Cervical_Cancer_Projects/data/IRIS_cambodia/MSK 000026 005.jpeg
/sddata/projects/Cervical_Cancer_Projects/data/IRIS_cambodia/MSK 000026 005.jpeg,/sddata/projects/Cervical_Cancer_Projects/data/IRIS_cambodia/MSK 000026 006.jpeg
/sddata/projects/Cervical_Cancer_Projects/data/IRIS_cambodia/MSK 000027 001.jpeg,/sddata/projects/Cervical_Cancer_Projects/data/IRIS_cambodia/MSK 000027 002.jpeg
/sddata/projects/Cervical_Cancer_Projects/data/IRIS_cambodia/MSK 000027 002.jpeg,/sddata/projects/Cervical_Cancer_Projects/data/IRIS_cambodia/MSK 000027 003.jpeg
/sddata/projects/Cervical_Cancer_Projects/data/IRIS_cambodia/MSK 000027 003.jpeg,/sddata/projects/Cervical_Cancer_Projects/data/IRIS_cambodia/MSK 000027 004.jpeg
/sddata/projects/Cervical_Cancer_Projects/data/IRIS_cambodia/MSK 000027 004.jpeg,/sddata/projects/Cervical_Cancer_Projects/data/IRIS_cambodia/MSK 000027 005.jpeg
/sddata/projects/Cervical_Cancer_Projects/data/IRIS_cambodia/MSK 000027 005.jpeg,/sddata/projects/Cervical_Cancer_Projects/data/IRIS_cambodia/MSK 000027 006.jpeg
/sddata/projects/Cervical_Cancer_Projects/data/IRIS_cambodia/MSK 000030 001.jpeg,/sddata/projects/Cervical_Cancer_Projects/data/IRIS_cambodia/MSK 000030 002.jpeg
/sddata/projects/Cervical_Cancer_Projects/data/IRIS_cambodia/MSK 000030 002.jpeg,/sddata/projects/Cervical_Cancer_Projects/data/IRIS_cambodia/MSK 000030 003.jpeg
/sddata/projects/Cervical_Cancer_Projects/data/IRIS_cambodia/MSK 000030 003.jpeg,/sddata/projects/Cervical_Cancer_Projects/data/IRIS_cambodia/MSK 000030 004.jpeg
/sddata/projects/Cervical_Cancer_Projects/data/IRIS_cambodia/MSK 000030 004.jpeg,/sddata/projects/Cervical_Cancer_Projects/data/IRIS_cambodia/MSK 000030 005.jpeg
/sddata/projects/Cervical_Cancer_Projects/data/IRIS_cambodia/MSK 000030 005.jpeg,/sddata/projects/Cervical_Cancer_Projects/data/IRIS_cambodia/MSK 000030 006.jpeg
/sddata/projects/Cervical_Cancer_Projects/data/IRIS_cambodia/MSK 000030 006.jpeg,/sddata/projects/Cervical_Cancer_Projects/data/IRIS_cambodia/MSK 000030 007.jpeg
/sddata/projects/Cervical_Cancer_Projects/data/IRIS_cambodia/MSK 000030 007.jpeg,/sddata/projects/Cervical_Cancer_Projects/data/IRIS_cambodia/MSK 000030 008.jpeg
/sddata/projects/Cervical_Cancer_Projects/data/IRIS_cambodia/MSK 000030 008.jpeg,/sddata/projects/Cervical_Cancer_Projects/data/IRIS_cambodia/MSK 000030 009.jpeg
/sddata/projects/Cervical_Cancer_Projects/data/IRIS_cambodia/MSK 000030 009.jpeg,/sddata/projects/Cervical_Cancer_Projects/data/IRIS_cambodia/MSK 000030 010.jpeg
/sddata/projects/Cervical_Cancer_Projects/data/IRIS_cambodia/MSK 000031 001.jpeg,/sddata/projects/Cervical_Cancer_Projects/data/IRIS_cambodia/MSK 000031 002.jpeg
/sddata/projects/Cervical_Cancer_Projects/data/IRIS_cambodia/MSK 000031 002.jpeg,/sddata/projects/Cervical_Cancer_Projects/data/IRIS_cambodia/MSK 000031 003.jpeg
/sddata/projects/Cervical_Cancer_Projects/data/IRIS_cambodia/MSK 000031 003.jpeg,/sddata/projects/Cervical_Cancer_Projects/data/IRIS_cambodia/MSK 000031 004.jpeg
/sddata/projects/Cervical_Cancer_Projects/data/IRIS_cambodia/MSK 000031 004.jpeg,/sddata/projects/Cervical_Cancer_Projects/data/IRIS_cambodia/MSK 000031 005.jpeg
/sddata/projects/Cervical_Cancer_Projects/data/IRIS_cambodia/MSK 000031 005.jpeg,/sddata/projects/Cervical_Cancer_Projects/data/IRIS_cambodia/MSK 000031 006.jpeg
/sddata/projects/Cervical_Cancer_Projects/data/IRIS_cambodia/MSK 000031 006.jpeg,/sddata/projects/Cervical_Cancer_Projects/data/IRIS_cambodia/MSK 000031 007.jpeg
/sddata/projects/Cervical_Cancer_Projects/data/IRIS_cambodia/MSK 000031 007.jpeg,/sddata/projects/Cervical_Cancer_Projects/data/IRIS_cambodia/MSK 000031 008.jpeg
/sddata/projects/Cervical_Cancer_Projects/data/IRIS_cambodia/MSK 000032 001.jpeg,/sddata/projects/Cervical_Cancer_Projects/data/IRIS_cambodia/MSK 000032 002.jpeg
/sddata/projects/Cervical_Cancer_Projects/data/IRIS_cambodia/MSK 000032 002.jpeg,/sddata/projects/Cervical_Cancer_Projects/data/IRIS_cambodia/MSK 000032 003.jpeg
/sddata/projects/Cervical_Cancer_Projects/data/IRIS_cambodia/MSK 000032 003.jpeg,/sddata/projects/Cervical_Cancer_Projects/data/IRIS_cambodia/MSK 000032 004.jpeg
/sddata/projects/Cervical_Cancer_Projects/data/IRIS_cambodia/MSK 000032 004.jpeg,/sddata/projects/Cervical_Cancer_Projects/data/IRIS_cambodia/MSK 000032 005.jpeg
/sddata/projects/Cervical_Cancer_Projects/data/IRIS_cambodia/MSK 000032 005.jpeg,/sddata/projects/Cervical_Cancer_Projects/data/IRIS_cambodia/MSK 000032 006.jpeg
/sddata/projects/Cervical_Cancer_Projects/data/IRIS_cambodia/MSK 000033 001.jpeg,/sddata/projects/Cervical_Cancer_Projects/data/IRIS_cambodia/MSK 000033 002.jpeg
/sddata/projects/Cervical_Cancer_Projects/data/IRIS_cambodia/MSK 000033 002.jpeg,/sddata/projects/Cervical_Cancer_Projects/data/IRIS_cambodia/MSK 000033 003.jpeg
/sddata/projects/Cervical_Cancer_Projects/data/IRIS_cambodia/MSK 000033 003.jpeg,/sddata/projects/Cervical_Cancer_Projects/data/IRIS_cambodia/MSK 000033 004.jpeg
/sddata/projects/Cervical_Cancer_Projects/data/IRIS_cambodia/MSK 000033 004.jpeg,/sddata/projects/Cervical_Cancer_Projects/data/IRIS_cambodia/MSK 000033 005.jpeg
/sddata/projects/Cervical_Cancer_Projects/data/IRIS_cambodia/MSK 000033 005.jpeg,/sddata/projects/Cervical_Cancer_Projects/data/IRIS_cambodia/MSK 000033 006.jpeg
/sddata/projects/Cervical_Cancer_Projects/data/IRIS_cambodia/MSK 000034 001.jpeg,/sddata/projects/Cervical_Cancer_Projects/data/IRIS_cambodia/MSK 000034 002.jpeg
/sddata/projects/Cervical_Cancer_Projects/data/IRIS_cambodia/MSK 000034 002.jpeg,/sddata/projects/Cervical_Cancer_Projects/data/IRIS_cambodia/MSK 000034 003.jpeg
/sddata/projects/Cervical_Cancer_Projects/data/IRIS_cambodia/MSK 000034 003.jpeg,/sddata/projects/Cervical_Cancer_Projects/data/IRIS_cambodia/MSK 000034 004.jpeg
/sddata/projects/Cervical_Cancer_Projects/data/IRIS_cambodia/MSK 000034 004.jpeg,/sddata/projects/Cervical_Cancer_Projects/data/IRIS_cambodia/MSK 000034 005.jpeg
/sddata/projects/Cervical_Cancer_Projects/data/IRIS_cambodia/MSK 000034 005.jpeg,/sddata/projects/Cervical_Cancer_Projects/data/IRIS_cambodia/MSK 000034 006.jpeg
/sddata/projects/Cervical_Cancer_Projects/data/IRIS_cambodia/MSK 000034 006.jpeg,/sddata/projects/Cervical_Cancer_Projects/data/IRIS_cambodia/MSK 000034 007.jpeg
/sddata/projects/Cervical_Cancer_Projects/data/IRIS_cambodia/MSK 000034 007.jpeg,/sddata/projects/Cervical_Cancer_Projects/data/IRIS_cambodia/MSK 000034 008.jpeg
/sddata/projects/Cervical_Cancer_Projects/data/IRIS_cambodia/MSK 000035 001.jpeg,/sddata/projects/Cervical_Cancer_Projects/data/IRIS_cambodia/MSK 000035 002.jpeg
/sddata/projects/Cervical_Cancer_Projects/data/IRIS_cambodia/MSK 000035 002.jpeg,/sddata/projects/Cervical_Cancer_Projects/data/IRIS_cambodia/MSK 000035 003.jpeg
/sddata/projects/Cervical_Cancer_Projects/data/IRIS_cambodia/MSK 000035 003.jpeg,/sddata/projects/Cervical_Cancer_Projects/data/IRIS_cambodia/MSK 000035 004.jpeg
/sddata/projects/Cervical_Cancer_Projects/data/IRIS_cambodia/MSK 000035 004.jpeg,/sddata/projects/Cervical_Cancer_Projects/data/IRIS_cambodia/MSK 000035 005.jpeg
/sddata/projects/Cervical_Cancer_Projects/data/IRIS_cambodia/MSK 000035 005.jpeg,/sddata/projects/Cervical_Cancer_Projects/data/IRIS_cambodia/MSK 000035 006.jpeg
/sddata/projects/Cervical_Cancer_Projects/data/IRIS_cambodia/MSK 000035 006.jpeg,/sddata/projects/Cervical_Cancer_Projects/data/IRIS_cambodia/MSK 000035 007.jpeg
/sddata/projects/Cervical_Cancer_Projects/data/IRIS_cambodia/MSK 000035 007.jpeg,/sddata/projects/Cervical_Cancer_Projects/data/IRIS_cambodia/MSK 000035 008.jpeg
/sddata/projects/Cervical_Cancer_Projects/data/IRIS_cambodia/MSK 000035 008.jpeg,/sddata/projects/Cervical_Cancer_Projects/data/IRIS_cambodia/MSK 000035 009.jpeg
/sddata/projects/Cervical_Cancer_Projects/data/IRIS_cambodia/MSK 000035 009.jpeg,/sddata/projects/Cervical_Cancer_Projects/data/IRIS_cambodia/MSK 000035 010.jpeg
/sddata/projects/Cervical_Cancer_Projects/data/IRIS_cambodia/MSK 000036 001.jpeg,/sddata/projects/Cervical_Cancer_Projects/data/IRIS_cambodia/MSK 000036 002.jpeg
/sddata/projects/Cervical_Cancer_Projects/data/IRIS_cambodia/MSK 000036 002.jpeg,/sddata/projects/Cervical_Cancer_Projects/data/IRIS_cambodia/MSK 000036 003.jpeg
/sddata/projects/Cervical_Cancer_Projects/data/IRIS_cambodia/MSK 000036 003.jpeg,/sddata/projects/Cervical_Cancer_Projects/data/IRIS_cambodia/MSK 000036 004.jpeg
/sddata/projects/Cervical_Cancer_Projects/data/IRIS_cambodia/MSK 000036 004.jpeg,/sddata/projects/Cervical_Cancer_Projects/data/IRIS_cambodia/MSK 000036 005.jpeg
/sddata/projects/Cervical_Cancer_Projects/data/IRIS_cambodia/MSK 000036 005.jpeg,/sddata/projects/Cervical_Cancer_Projects/data/IRIS_cambodia/MSK 000036 006.jpeg
/sddata/projects/Cervical_Cancer_Projects/data/IRIS_cambodia/MSK 000036 006.jpeg,/sddata/projects/Cervical_Cancer_Projects/data/IRIS_cambodia/MSK 000036 007.jpeg
/sddata/projects/Cervical_Cancer_Projects/data/IRIS_cambodia/MSK 000036 007.jpeg,/sddata/projects/Cervical_Cancer_Projects/data/IRIS_cambodia/MSK 000036 008.jpeg
/sddata/projects/Cervical_Cancer_Projects/data/IRIS_cambodia/MSK 000037 001.jpeg,/sddata/projects/Cervical_Cancer_Projects/data/IRIS_cambodia/MSK 000037 002.jpeg
/sddata/projects/Cervical_Cancer_Projects/data/IRIS_cambodia/MSK 000037 002.jpeg,/sddata/projects/Cervical_Cancer_Projects/data/IRIS_cambodia/MSK 000037 003.jpeg
/sddata/projects/Cervical_Cancer_Projects/data/IRIS_cambodia/MSK 000037 003.jpeg,/sddata/projects/Cervical_Cancer_Projects/data/IRIS_cambodia/MSK 000037 004.jpeg
/sddata/projects/Cervical_Cancer_Projects/data/IRIS_cambodia/MSK 000037 004.jpeg,/sddata/projects/Cervical_Cancer_Projects/data/IRIS_cambodia/MSK 000037 005.jpeg
/sddata/projects/Cervical_Cancer_Projects/data/IRIS_cambodia/MSK 000037 005.jpeg,/sddata/projects/Cervical_Cancer_Projects/data/IRIS_cambodia/MSK 000037 006.jpeg
/sddata/projects/Cervical_Cancer_Projects/data/IRIS_cambodia/MSK 000037 006.jpeg,/sddata/projects/Cervical_Cancer_Projects/data/IRIS_cambodia/MSK 000037 007.jpeg
/sddata/projects/Cervical_Cancer_Projects/data/IRIS_cambodia/MSK 000037 007.jpeg,/sddata/projects/Cervical_Cancer_Projects/data/IRIS_cambodia/MSK 000037 008.jpeg
/sddata/projects/Cervical_Cancer_Projects/data/IRIS_cambodia/MSK 000038 001.jpeg,/sddata/projects/Cervical_Cancer_Projects/data/IRIS_cambodia/MSK 000038 002.jpeg
/sddata/projects/Cervical_Cancer_Projects/data/IRIS_cambodia/MSK 000038 002.jpeg,/sddata/projects/Cervical_Cancer_Projects/data/IRIS_cambodia/MSK 000038 003.jpeg
/sddata/projects/Cervical_Cancer_Projects/data/IRIS_cambodia/MSK 000038 003.jpeg,/sddata/projects/Cervical_Cancer_Projects/data/IRIS_cambodia/MSK 000038 004.jpeg
/sddata/projects/Cervical_Cancer_Projects/data/IRIS_cambodia/MSK 000038 004.jpeg,/sddata/projects/Cervical_Cancer_Projects/data/IRIS_cambodia/MSK 000038 005.jpeg
/sddata/projects/Cervical_Cancer_Projects/data/IRIS_cambodia/MSK 000038 005.jpeg,/sddata/projects/Cervical_Cancer_Projects/data/IRIS_cambodia/MSK 000038 006.jpeg
/sddata/projects/Cervical_Cancer_Projects/data/IRIS_cambodia/MSK 000038 006.jpeg,/sddata/projects/Cervical_Cancer_Projects/data/IRIS_cambodia/MSK 000038 007.jpeg
/sddata/projects/Cervical_Cancer_Projects/data/IRIS_cambodia/MSK 000038 007.jpeg,/sddata/projects/Cervical_Cancer_Projects/data/IRIS_cambodia/MSK 000038 008.jpeg
/sddata/projects/Cervical_Cancer_Projects/data/IRIS_cambodia/MSK 000039 001.jpeg,/sddata/projects/Cervical_Cancer_Projects/data/IRIS_cambodia/MSK 000039 002.jpeg
/sddata/projects/Cervical_Cancer_Projects/data/IRIS_cambodia/MSK 000039 002.jpeg,/sddata/projects/Cervical_Cancer_Projects/data/IRIS_cambodia/MSK 000039 003.jpeg
/sddata/projects/Cervical_Cancer_Projects/data/IRIS_cambodia/MSK 000039 003.jpeg,/sddata/projects/Cervical_Cancer_Projects/data/IRIS_cambodia/MSK 000039 004.jpeg
/sddata/projects/Cervical_Cancer_Projects/data/IRIS_cambodia/MSK 000039 004.jpeg,/sddata/projects/Cervical_Cancer_Projects/data/IRIS_cambodia/MSK 000039 005.jpeg
/sddata/projects/Cervical_Cancer_Projects/data/IRIS_cambodia/MSK 000039 005.jpeg,/sddata/projects/Cervical_Cancer_Projects/data/IRIS_cambodia/MSK 000039 006.jpeg
/sddata/projects/Cervical_Cancer_Projects/data/IRIS_cambodia/MSK 000040 001.jpeg,/sddata/projects/Cervical_Cancer_Projects/data/IRIS_cambodia/MSK 000040 002.jpeg
/sddata/projects/Cervical_Cancer_Projects/data/IRIS_cambodia/MSK 000040 002.jpeg,/sddata/projects/Cervical_Cancer_Projects/data/IRIS_cambodia/MSK 000040 003.jpeg
/sddata/projects/Cervical_Cancer_Projects/data/IRIS_cambodia/MSK 000040 003.jpeg,/sddata/projects/Cervical_Cancer_Projects/data/IRIS_cambodia/MSK 000040 004.jpeg
/sddata/projects/Cervical_Cancer_Projects/data/IRIS_cambodia/MSK 000040 004.jpeg,/sddata/projects/Cervical_Cancer_Projects/data/IRIS_cambodia/MSK 000040 005.jpeg
/sddata/projects/Cervical_Cancer_Projects/data/IRIS_cambodia/MSK 000040 005.jpeg,/sddata/projects/Cervical_Cancer_Projects/data/IRIS_cambodia/MSK 000040 006.jpeg
/sddata/projects/Cervical_Cancer_Projects/data/IRIS_cambodia/MSK 000040 006.jpeg,/sddata/projects/Cervical_Cancer_Projects/data/IRIS_cambodia/MSK 000040 007.jpeg
/sddata/projects/Cervical_Cancer_Projects/data/IRIS_cambodia/MSK 000040 007.jpeg,/sddata/projects/Cervical_Cancer_Projects/data/IRIS_cambodia/MSK 000040 008.jpeg
/sddata/projects/Cervical_Cancer_Projects/data/IRIS_cambodia/MSK 000041 001.jpeg,/sddata/projects/Cervical_Cancer_Projects/data/IRIS_cambodia/MSK 000041 002.jpeg
/sddata/projects/Cervical_Cancer_Projects/data/IRIS_cambodia/MSK 000041 002.jpeg,/sddata/projects/Cervical_Cancer_Projects/data/IRIS_cambodia/MSK 000041 003.jpeg
/sddata/projects/Cervical_Cancer_Projects/data/IRIS_cambodia/MSK 000041 003.jpeg,/sddata/projects/Cervical_Cancer_Projects/data/IRIS_cambodia/MSK 000041 004.jpeg
/sddata/projects/Cervical_Cancer_Projects/data/IRIS_cambodia/MSK 000041 004.jpeg,/sddata/projects/Cervical_Cancer_Projects/data/IRIS_cambodia/MSK 000041 005.jpeg
/sddata/projects/Cervical_Cancer_Projects/data/IRIS_cambodia/MSK 000041 005.jpeg,/sddata/projects/Cervical_Cancer_Projects/data/IRIS_cambodia/MSK 000041 006.jpeg
/sddata/projects/Cervical_Cancer_Projects/data/IRIS_cambodia/MSK 000042 001.jpeg,/sddata/projects/Cervical_Cancer_Projects/data/IRIS_cambodia/MSK 000042 002.jpeg
/sddata/projects/Cervical_Cancer_Projects/data/IRIS_cambodia/MSK 000042 002.jpeg,/sddata/projects/Cervical_Cancer_Projects/data/IRIS_cambodia/MSK 000042 003.jpeg
/sddata/projects/Cervical_Cancer_Projects/data/IRIS_cambodia/MSK 000042 003.jpeg,/sddata/projects/Cervical_Cancer_Projects/data/IRIS_cambodia/MSK 000042 004.jpeg
/sddata/projects/Cervical_Cancer_Projects/data/IRIS_cambodia/MSK 000042 004.jpeg,/sddata/projects/Cervical_Cancer_Projects/data/IRIS_cambodia/MSK 000042 005.jpeg
/sddata/projects/Cervical_Cancer_Projects/data/IRIS_cambodia/MSK 000042 005.jpeg,/sddata/projects/Cervical_Cancer_Projects/data/IRIS_cambodia/MSK 000042 006.jpeg
/sddata/projects/Cervical_Cancer_Projects/data/IRIS_cambodia/MSK 000043 001.jpeg,/sddata/projects/Cervical_Cancer_Projects/data/IRIS_cambodia/MSK 000043 002.jpeg
/sddata/projects/Cervical_Cancer_Projects/data/IRIS_cambodia/MSK 000043 002.jpeg,/sddata/projects/Cervical_Cancer_Projects/data/IRIS_cambodia/MSK 000043 003.jpeg
/sddata/projects/Cervical_Cancer_Projects/data/IRIS_cambodia/MSK 000043 003.jpeg,/sddata/projects/Cervical_Cancer_Projects/data/IRIS_cambodia/MSK 000043 004.jpeg
/sddata/projects/Cervical_Cancer_Projects/data/IRIS_cambodia/MSK 000043 004.jpeg,/sddata/projects/Cervical_Cancer_Projects/data/IRIS_cambodia/MSK 000043 005.jpeg
/sddata/projects/Cervical_Cancer_Projects/data/IRIS_cambodia/MSK 000043 005.jpeg,/sddata/projects/Cervical_Cancer_Projects/data/IRIS_cambodia/MSK 000043 006.jpeg
/sddata/projects/Cervical_Cancer_Projects/data/IRIS_cambodia/MSK 000044 001.jpg,/sddata/projects/Cervical_Cancer_Projects/data/IRIS_cambodia/MSK 000044 002.jpg
/sddata/projects/Cervical_Cancer_Projects/data/IRIS_cambodia/MSK 000044 002.jpg,/sddata/projects/Cervical_Cancer_Projects/data/IRIS_cambodia/MSK 000044 003.jpg
/sddata/projects/Cervical_Cancer_Projects/data/IRIS_cambodia/MSK 000044 003.jpg,/sddata/projects/Cervical_Cancer_Projects/data/IRIS_cambodia/MSK 000044 004.jpg
/sddata/projects/Cervical_Cancer_Projects/data/IRIS_cambodia/MSK 000044 004.jpg,/sddata/projects/Cervical_Cancer_Projects/data/IRIS_cambodia/MSK 000044 005.jpg
/sddata/projects/Cervical_Cancer_Projects/data/IRIS_cambodia/MSK 000044 005.jpg,/sddata/projects/Cervical_Cancer_Projects/data/IRIS_cambodia/MSK 000044 006.jpg
/sddata/projects/Cervical_Cancer_Projects/data/IRIS_cambodia/MSK 000044 006.jpg,/sddata/projects/Cervical_Cancer_Projects/data/IRIS_cambodia/MSK 000044 007.jpg
/sddata/projects/Cervical_Cancer_Projects/data/IRIS_cambodia/MSK 000044 007.jpg,/sddata/projects/Cervical_Cancer_Projects/data/IRIS_cambodia/MSK 000044 008.jpg
/sddata/projects/Cervical_Cancer_Projects/data/IRIS_cambodia/MSK 000045 001.jpg,/sddata/projects/Cervical_Cancer_Projects/data/IRIS_cambodia/MSK 000045 002.jpg
/sddata/projects/Cervical_Cancer_Projects/data/IRIS_cambodia/MSK 000045 002.jpg,/sddata/projects/Cervical_Cancer_Projects/data/IRIS_cambodia/MSK 000045 003.jpg
/sddata/projects/Cervical_Cancer_Projects/data/IRIS_cambodia/MSK 000045 003.jpg,/sddata/projects/Cervical_Cancer_Projects/data/IRIS_cambodia/MSK 000045 004.jpg
/sddata/projects/Cervical_Cancer_Projects/data/IRIS_cambodia/MSK 000045 004.jpg,/sddata/projects/Cervical_Cancer_Projects/data/IRIS_cambodia/MSK 000045 005.jpg
/sddata/projects/Cervical_Cancer_Projects/data/IRIS_cambodia/MSK 000045 005.jpg,/sddata/projects/Cervical_Cancer_Projects/data/IRIS_cambodia/MSK 000045 006.jpg
/sddata/projects/Cervical_Cancer_Projects/data/IRIS_cambodia/MSK 000045 006.jpg,/sddata/projects/Cervical_Cancer_Projects/data/IRIS_cambodia/MSK 000045 007.jpg
/sddata/projects/Cervical_Cancer_Projects/data/IRIS_cambodia/MSK 000045 007.jpg,/sddata/projects/Cervical_Cancer_Projects/data/IRIS_cambodia/MSK 000045 008.jpg
/sddata/projects/Cervical_Cancer_Projects/data/IRIS_cambodia/MSK 000045 008.jpg,/sddata/projects/Cervical_Cancer_Projects/data/IRIS_cambodia/MSK 000045 009.jpg
/sddata/projects/Cervical_Cancer_Projects/data/IRIS_cambodia/MSK 000045 009.jpg,/sddata/projects/Cervical_Cancer_Projects/data/IRIS_cambodia/MSK 000045 010.jpg
/sddata/projects/Cervical_Cancer_Projects/data/IRIS_cambodia/MSK 000046 001.jpg,/sddata/projects/Cervical_Cancer_Projects/data/IRIS_cambodia/MSK 000046 002.jpg
/sddata/projects/Cervical_Cancer_Projects/data/IRIS_cambodia/MSK 000046 002.jpg,/sddata/projects/Cervical_Cancer_Projects/data/IRIS_cambodia/MSK 000046 003.jpg
/sddata/projects/Cervical_Cancer_Projects/data/IRIS_cambodia/MSK 000046 003.jpg,/sddata/projects/Cervical_Cancer_Projects/data/IRIS_cambodia/MSK 000046 004.jpg
/sddata/projects/Cervical_Cancer_Projects/data/IRIS_cambodia/MSK 000046 004.jpg,/sddata/projects/Cervical_Cancer_Projects/data/IRIS_cambodia/MSK 000046 005.jpg
/sddata/projects/Cervical_Cancer_Projects/data/IRIS_cambodia/MSK 000046 005.jpg,/sddata/projects/Cervical_Cancer_Projects/data/IRIS_cambodia/MSK 000046 006.jpg
/sddata/projects/Cervical_Cancer_Projects/data/IRIS_cambodia/MSK 000047 001.jpg,/sddata/projects/Cervical_Cancer_Projects/data/IRIS_cambodia/MSK 000047 002.jpg
/sddata/projects/Cervical_Cancer_Projects/data/IRIS_cambodia/MSK 000047 002.jpg,/sddata/projects/Cervical_Cancer_Projects/data/IRIS_cambodia/MSK 000047 003.jpg
/sddata/projects/Cervical_Cancer_Projects/data/IRIS_cambodia/MSK 000047 003.jpg,/sddata/projects/Cervical_Cancer_Projects/data/IRIS_cambodia/MSK 000047 004.jpg
/sddata/projects/Cervical_Cancer_Projects/data/IRIS_cambodia/MSK 000047 004.jpg,/sddata/projects/Cervical_Cancer_Projects/data/IRIS_cambodia/MSK 000047 005.jpg
/sddata/projects/Cervical_Cancer_Projects/data/IRIS_cambodia/MSK 000047 005.jpg,/sddata/projects/Cervical_Cancer_Projects/data/IRIS_cambodia/MSK 000047 006.jpg
/sddata/projects/Cervical_Cancer_Projects/data/IRIS_cambodia/MSK 000047 006.jpg,/sddata/projects/Cervical_Cancer_Projects/data/IRIS_cambodia/MSK 000047 007.jpg
/sddata/projects/Cervical_Cancer_Projects/data/IRIS_cambodia/MSK 000047 007.jpg,/sddata/projects/Cervical_Cancer_Projects/data/IRIS_cambodia/MSK 000047 008.jpg
/sddata/projects/Cervical_Cancer_Projects/data/IRIS_cambodia/MSK 000047 008.jpg,/sddata/projects/Cervical_Cancer_Projects/data/IRIS_cambodia/MSK 000047 009.jpg
/sddata/projects/Cervical_Cancer_Projects/data/IRIS_cambodia/MSK 000047 009.jpg,/sddata/projects/Cervical_Cancer_Projects/data/IRIS_cambodia/MSK 000047 010.jpg
/sddata/projects/Cervical_Cancer_Projects/data/IRIS_cambodia/MSK 000048 001.jpeg,/sddata/projects/Cervical_Cancer_Projects/data/IRIS_cambodia/MSK 000048 002.jpeg
/sddata/projects/Cervical_Cancer_Projects/data/IRIS_cambodia/MSK 000048 002.jpeg,/sddata/projects/Cervical_Cancer_Projects/data/IRIS_cambodia/MSK 000048 003.jpeg
/sddata/projects/Cervical_Cancer_Projects/data/IRIS_cambodia/MSK 000048 003.jpeg,/sddata/projects/Cervical_Cancer_Projects/data/IRIS_cambodia/MSK 000048 004.jpeg
/sddata/projects/Cervical_Cancer_Projects/data/IRIS_cambodia/MSK 000048 004.jpeg,/sddata/projects/Cervical_Cancer_Projects/data/IRIS_cambodia/MSK 000048 005.jpeg
/sddata/projects/Cervical_Cancer_Projects/data/IRIS_cambodia/MSK 000048 005.jpeg,/sddata/projects/Cervical_Cancer_Projects/data/IRIS_cambodia/MSK 000048 006.jpeg
/sddata/projects/Cervical_Cancer_Projects/data/IRIS_cambodia/MSK 000048 006.jpeg,/sddata/projects/Cervical_Cancer_Projects/data/IRIS_cambodia/MSK 000048 007.jpeg
/sddata/projects/Cervical_Cancer_Projects/data/IRIS_cambodia/MSK 000048 007.jpeg,/sddata/projects/Cervical_Cancer_Projects/data/IRIS_cambodia/MSK 000048 008.jpeg
/sddata/projects/Cervical_Cancer_Projects/data/IRIS_cambodia/MSK 000048 008.jpeg,/sddata/projects/Cervical_Cancer_Projects/data/IRIS_cambodia/MSK 000048 009.jpeg
/sddata/projects/Cervical_Cancer_Projects/data/IRIS_cambodia/MSK 000048 009.jpeg,/sddata/projects/Cervical_Cancer_Projects/data/IRIS_cambodia/MSK 000048 010.jpeg
/sddata/projects/Cervical_Cancer_Projects/data/IRIS_cambodia/MSK 000048 010.jpeg,/sddata/projects/Cervical_Cancer_Projects/data/IRIS_cambodia/MSK 000048 011.jpeg
/sddata/projects/Cervical_Cancer_Projects/data/IRIS_cambodia/MSK 000048 011.jpeg,/sddata/projects/Cervical_Cancer_Projects/data/IRIS_cambodia/MSK 000048 012.jpeg
/sddata/projects/Cervical_Cancer_Projects/data/IRIS_cambodia/MSK 000048 012.jpeg,/sddata/projects/Cervical_Cancer_Projects/data/IRIS_cambodia/MSK 000048 013.jpeg
/sddata/projects/Cervical_Cancer_Projects/data/IRIS_cambodia/MSK 000048 013.jpeg,/sddata/projects/Cervical_Cancer_Projects/data/IRIS_cambodia/MSK 000048 014.jpeg
/sddata/projects/Cervical_Cancer_Projects/data/IRIS_cambodia/MSK 000049 001.jpg,/sddata/projects/Cervical_Cancer_Projects/data/IRIS_cambodia/MSK 000049 002.jpg
/sddata/projects/Cervical_Cancer_Projects/data/IRIS_cambodia/MSK 000049 002.jpg,/sddata/projects/Cervical_Cancer_Projects/data/IRIS_cambodia/MSK 000049 003.jpg
/sddata/projects/Cervical_Cancer_Projects/data/IRIS_cambodia/MSK 000049 003.jpg,/sddata/projects/Cervical_Cancer_Projects/data/IRIS_cambodia/MSK 000049 004.jpg
/sddata/projects/Cervical_Cancer_Projects/data/IRIS_cambodia/MSK 000049 004.jpg,/sddata/projects/Cervical_Cancer_Projects/data/IRIS_cambodia/MSK 000049 005.jpg
/sddata/projects/Cervical_Cancer_Projects/data/IRIS_cambodia/MSK 000049 005.jpg,/sddata/projects/Cervical_Cancer_Projects/data/IRIS_cambodia/MSK 000049 006.jpg
/sddata/projects/Cervical_Cancer_Projects/data/IRIS_cambodia/MSK 000050 001.jpg,/sddata/projects/Cervical_Cancer_Projects/data/IRIS_cambodia/MSK 000050 002.jpg
/sddata/projects/Cervical_Cancer_Projects/data/IRIS_cambodia/MSK 000050 002.jpg,/sddata/projects/Cervical_Cancer_Projects/data/IRIS_cambodia/MSK 000050 003.jpg
/sddata/projects/Cervical_Cancer_Projects/data/IRIS_cambodia/MSK 000050 003.jpg,/sddata/projects/Cervical_Cancer_Projects/data/IRIS_cambodia/MSK 000050 004.jpg
/sddata/projects/Cervical_Cancer_Projects/data/IRIS_cambodia/MSK 000050 004.jpg,/sddata/projects/Cervical_Cancer_Projects/data/IRIS_cambodia/MSK 000050 005.jpg
/sddata/projects/Cervical_Cancer_Projects/data/IRIS_cambodia/MSK 000050 005.jpg,/sddata/projects/Cervical_Cancer_Projects/data/IRIS_cambodia/MSK 000050 006.jpg
/sddata/projects/Cervical_Cancer_Projects/data/IRIS_cambodia/MSK 000051 001.jpg,/sddata/projects/Cervical_Cancer_Projects/data/IRIS_cambodia/MSK 000051 002.jpg
/sddata/projects/Cervical_Cancer_Projects/data/IRIS_cambodia/MSK 000051 002.jpg,/sddata/projects/Cervical_Cancer_Projects/data/IRIS_cambodia/MSK 000051 003.jpg
/sddata/projects/Cervical_Cancer_Projects/data/IRIS_cambodia/MSK 000051 003.jpg,/sddata/projects/Cervical_Cancer_Projects/data/IRIS_cambodia/MSK 000051 004.jpg
/sddata/projects/Cervical_Cancer_Projects/data/IRIS_cambodia/MSK 000051 004.jpg,/sddata/projects/Cervical_Cancer_Projects/data/IRIS_cambodia/MSK 000051 005.jpg
/sddata/projects/Cervical_Cancer_Projects/data/IRIS_cambodia/MSK 000051 005.jpg,/sddata/projects/Cervical_Cancer_Projects/data/IRIS_cambodia/MSK 000051 006.jpg
/sddata/projects/Cervical_Cancer_Projects/data/IRIS_cambodia/MSK 000051 006.jpg,/sddata/projects/Cervical_Cancer_Projects/data/IRIS_cambodia/MSK 000051 007.jpg
/sddata/projects/Cervical_Cancer_Projects/data/IRIS_cambodia/MSK 000051 007.jpg,/sddata/projects/Cervical_Cancer_Projects/data/IRIS_cambodia/MSK 000051 008.jpg
/sddata/projects/Cervical_Cancer_Projects/data/IRIS_cambodia/MSK 000051 008.jpg,/sddata/projects/Cervical_Cancer_Projects/data/IRIS_cambodia/MSK 000051 009.jpg
/sddata/projects/Cervical_Cancer_Projects/data/IRIS_cambodia/MSK 000051 009.jpg,/sddata/projects/Cervical_Cancer_Projects/data/IRIS_cambodia/MSK 000051 010.jpg
/sddata/projects/Cervical_Cancer_Projects/data/IRIS_cambodia/MSK 000051 010.jpg,/sddata/projects/Cervical_Cancer_Projects/data/IRIS_cambodia/MSK 000051 011.jpg
/sddata/projects/Cervical_Cancer_Projects/data/IRIS_cambodia/MSK 000051 011.jpg,/sddata/projects/Cervical_Cancer_Projects/data/IRIS_cambodia/MSK 000051 012.jpg
/sddata/projects/Cervical_Cancer_Projects/data/IRIS_cambodia/MSK 000051 012.jpg,/sddata/projects/Cervical_Cancer_Projects/data/IRIS_cambodia/MSK 000051 013.jpg
/sddata/projects/Cervical_Cancer_Projects/data/IRIS_cambodia/MSK 000051 013.jpg,/sddata/projects/Cervical_Cancer_Projects/data/IRIS_cambodia/MSK 000051 014.jpg
/sddata/projects/Cervical_Cancer_Projects/data/IRIS_cambodia/MSK 000051 014.jpg,/sddata/projects/Cervical_Cancer_Projects/data/IRIS_cambodia/MSK 000051 015.jpg
/sddata/projects/Cervical_Cancer_Projects/data/IRIS_cambodia/MSK 000051 015.jpg,/sddata/projects/Cervical_Cancer_Projects/data/IRIS_cambodia/MSK 000051 016.jpg
/sddata/projects/Cervical_Cancer_Projects/data/IRIS_cambodia/MSK 000051 016.jpg,/sddata/projects/Cervical_Cancer_Projects/data/IRIS_cambodia/MSK 000051 017.jpg
/sddata/projects/Cervical_Cancer_Projects/data/IRIS_cambodia/MSK 000051 017.jpg,/sddata/projects/Cervical_Cancer_Projects/data/IRIS_cambodia/MSK 000051 018.jpg
/sddata/projects/Cervical_Cancer_Projects/data/IRIS_cambodia/MSK 000051 018.jpg,/sddata/projects/Cervical_Cancer_Projects/data/IRIS_cambodia/MSK 000051 019.jpg
/sddata/projects/Cervical_Cancer_Projects/data/IRIS_cambodia/MSK 000051 019.jpg,/sddata/projects/Cervical_Cancer_Projects/data/IRIS_cambodia/MSK 000051 020.jpg
/sddata/projects/Cervical_Cancer_Projects/data/IRIS_cambodia/MSK 000052 001.jpg,/sddata/projects/Cervical_Cancer_Projects/data/IRIS_cambodia/MSK 000052 002.jpg
/sddata/projects/Cervical_Cancer_Projects/data/IRIS_cambodia/MSK 000052 002.jpg,/sddata/projects/Cervical_Cancer_Projects/data/IRIS_cambodia/MSK 000052 003.jpg
/sddata/projects/Cervical_Cancer_Projects/data/IRIS_cambodia/MSK 000052 003.jpg,/sddata/projects/Cervical_Cancer_Projects/data/IRIS_cambodia/MSK 000052 004.jpg
/sddata/projects/Cervical_Cancer_Projects/data/IRIS_cambodia/MSK 000052 004.jpg,/sddata/projects/Cervical_Cancer_Projects/data/IRIS_cambodia/MSK 000052 005.jpg
/sddata/projects/Cervical_Cancer_Projects/data/IRIS_cambodia/MSK 000052 005.jpg,/sddata/projects/Cervical_Cancer_Projects/data/IRIS_cambodia/MSK 000052 006.jpg
/sddata/projects/Cervical_Cancer_Projects/data/IRIS_cambodia/MSK 000052 006.jpg,/sddata/projects/Cervical_Cancer_Projects/data/IRIS_cambodia/MSK 000052 007.jpg
/sddata/projects/Cervical_Cancer_Projects/data/IRIS_cambodia/MSK 000052 007.jpg,/sddata/projects/Cervical_Cancer_Projects/data/IRIS_cambodia/MSK 000052 008.jpg
/sddata/projects/Cervical_Cancer_Projects/data/IRIS_cambodia/MSK 000053 001.jpg,/sddata/projects/Cervical_Cancer_Projects/data/IRIS_cambodia/MSK 000053 002.jpg
/sddata/projects/Cervical_Cancer_Projects/data/IRIS_cambodia/MSK 000053 002.jpg,/sddata/projects/Cervical_Cancer_Projects/data/IRIS_cambodia/MSK 000053 003.jpg
/sddata/projects/Cervical_Cancer_Projects/data/IRIS_cambodia/MSK 000053 003.jpg,/sddata/projects/Cervical_Cancer_Projects/data/IRIS_cambodia/MSK 000053 004.jpg
/sddata/projects/Cervical_Cancer_Projects/data/IRIS_cambodia/MSK 000053 004.jpg,/sddata/projects/Cervical_Cancer_Projects/data/IRIS_cambodia/MSK 000053 005.jpg
/sddata/projects/Cervical_Cancer_Projects/data/IRIS_cambodia/MSK 000053 005.jpg,/sddata/projects/Cervical_Cancer_Projects/data/IRIS_cambodia/MSK 000053 006.jpg
/sddata/projects/Cervical_Cancer_Projects/data/IRIS_cambodia/MSK 000053 006.jpg,/sddata/projects/Cervical_Cancer_Projects/data/IRIS_cambodia/MSK 000053 007.jpg
/sddata/projects/Cervical_Cancer_Projects/data/IRIS_cambodia/MSK 000053 007.jpg,/sddata/projects/Cervical_Cancer_Projects/data/IRIS_cambodia/MSK 000053 008.jpg
/sddata/projects/Cervical_Cancer_Projects/data/IRIS_cambodia/MSK 000054 001.jpg,/sddata/projects/Cervical_Cancer_Projects/data/IRIS_cambodia/MSK 000054 002.jpg
/sddata/projects/Cervical_Cancer_Projects/data/IRIS_cambodia/MSK 000054 002.jpg,/sddata/projects/Cervical_Cancer_Projects/data/IRIS_cambodia/MSK 000054 003.jpg
/sddata/projects/Cervical_Cancer_Projects/data/IRIS_cambodia/MSK 000054 003.jpg,/sddata/projects/Cervical_Cancer_Projects/data/IRIS_cambodia/MSK 000054 004.jpg
/sddata/projects/Cervical_Cancer_Projects/data/IRIS_cambodia/MSK 000054 004.jpg,/sddata/projects/Cervical_Cancer_Projects/data/IRIS_cambodia/MSK 000054 005.jpg
/sddata/projects/Cervical_Cancer_Projects/data/IRIS_cambodia/MSK 000054 005.jpg,/sddata/projects/Cervical_Cancer_Projects/data/IRIS_cambodia/MSK 000054 006.jpg
/sddata/projects/Cervical_Cancer_Projects/data/IRIS_cambodia/MSK 000054 006.jpg,/sddata/projects/Cervical_Cancer_Projects/data/IRIS_cambodia/MSK 000054 007.jpg
/sddata/projects/Cervical_Cancer_Projects/data/IRIS_cambodia/MSK 000054 007.jpg,/sddata/projects/Cervical_Cancer_Projects/data/IRIS_cambodia/MSK 000054 008.jpg
/sddata/projects/Cervical_Cancer_Projects/data/IRIS_cambodia/MSK 000054 008.jpg,/sddata/projects/Cervical_Cancer_Projects/data/IRIS_cambodia/MSK 000054 009.jpg
/sddata/projects/Cervical_Cancer_Projects/data/IRIS_cambodia/MSK 000054 009.jpg,/sddata/projects/Cervical_Cancer_Projects/data/IRIS_cambodia/MSK 000054 010.jpg
/sddata/projects/Cervical_Cancer_Projects/data/IRIS_cambodia/MSK 000055 001.jpeg,/sddata/projects/Cervical_Cancer_Projects/data/IRIS_cambodia/MSK 000055 002.jpeg
/sddata/projects/Cervical_Cancer_Projects/data/IRIS_cambodia/MSK 000055 002.jpeg,/sddata/projects/Cervical_Cancer_Projects/data/IRIS_cambodia/MSK 000055 003.jpeg
/sddata/projects/Cervical_Cancer_Projects/data/IRIS_cambodia/MSK 000055 003.jpeg,/sddata/projects/Cervical_Cancer_Projects/data/IRIS_cambodia/MSK 000055 004.jpeg
/sddata/projects/Cervical_Cancer_Projects/data/IRIS_cambodia/MSK 000055 004.jpeg,/sddata/projects/Cervical_Cancer_Projects/data/IRIS_cambodia/MSK 000055 005.jpeg
/sddata/projects/Cervical_Cancer_Projects/data/IRIS_cambodia/MSK 000055 005.jpeg,/sddata/projects/Cervical_Cancer_Projects/data/IRIS_cambodia/MSK 000055 006.jpeg
/sddata/projects/Cervical_Cancer_Projects/data/IRIS_cambodia/MSK 000056 001.jpg,/sddata/projects/Cervical_Cancer_Projects/data/IRIS_cambodia/MSK 000056 002.jpg
/sddata/projects/Cervical_Cancer_Projects/data/IRIS_cambodia/MSK 000056 002.jpg,/sddata/projects/Cervical_Cancer_Projects/data/IRIS_cambodia/MSK 000056 003.jpg
/sddata/projects/Cervical_Cancer_Projects/data/IRIS_cambodia/MSK 000056 003.jpg,/sddata/projects/Cervical_Cancer_Projects/data/IRIS_cambodia/MSK 000056 004.jpg
/sddata/projects/Cervical_Cancer_Projects/data/IRIS_cambodia/MSK 000056 004.jpg,/sddata/projects/Cervical_Cancer_Projects/data/IRIS_cambodia/MSK 000056 005.jpg
/sddata/projects/Cervical_Cancer_Projects/data/IRIS_cambodia/MSK 000056 005.jpg,/sddata/projects/Cervical_Cancer_Projects/data/IRIS_cambodia/MSK 000056 006.jpg
/sddata/projects/Cervical_Cancer_Projects/data/IRIS_cambodia/MSK 000056 006.jpg,/sddata/projects/Cervical_Cancer_Projects/data/IRIS_cambodia/MSK 000056 007.jpg
/sddata/projects/Cervical_Cancer_Projects/data/IRIS_cambodia/MSK 000056 007.jpg,/sddata/projects/Cervical_Cancer_Projects/data/IRIS_cambodia/MSK 000056 008.jpg
/sddata/projects/Cervical_Cancer_Projects/data/IRIS_cambodia/MSK 000057 001.jpeg,/sddata/projects/Cervical_Cancer_Projects/data/IRIS_cambodia/MSK 000057 002.jpeg
/sddata/projects/Cervical_Cancer_Projects/data/IRIS_cambodia/MSK 000057 002.jpeg,/sddata/projects/Cervical_Cancer_Projects/data/IRIS_cambodia/MSK 000057 003.jpeg
/sddata/projects/Cervical_Cancer_Projects/data/IRIS_cambodia/MSK 000057 003.jpeg,/sddata/projects/Cervical_Cancer_Projects/data/IRIS_cambodia/MSK 000057 004.jpeg
/sddata/projects/Cervical_Cancer_Projects/data/IRIS_cambodia/MSK 000057 004.jpeg,/sddata/projects/Cervical_Cancer_Projects/data/IRIS_cambodia/MSK 000057 005.jpeg
/sddata/projects/Cervical_Cancer_Projects/data/IRIS_cambodia/MSK 000057 005.jpeg,/sddata/projects/Cervical_Cancer_Projects/data/IRIS_cambodia/MSK 000057 006.jpeg
/sddata/projects/Cervical_Cancer_Projects/data/IRIS_cambodia/MSK 000057 006.jpeg,/sddata/projects/Cervical_Cancer_Projects/data/IRIS_cambodia/MSK 000057 007.jpeg
/sddata/projects/Cervical_Cancer_Projects/data/IRIS_cambodia/MSK 000057 007.jpeg,/sddata/projects/Cervical_Cancer_Projects/data/IRIS_cambodia/MSK 000057 008.jpeg
/sddata/projects/Cervical_Cancer_Projects/data/IRIS_cambodia/MSK 000058 001.jpg,/sddata/projects/Cervical_Cancer_Projects/data/IRIS_cambodia/MSK 000058 002.jpg
/sddata/projects/Cervical_Cancer_Projects/data/IRIS_cambodia/MSK 000058 002.jpg,/sddata/projects/Cervical_Cancer_Projects/data/IRIS_cambodia/MSK 000058 003.jpg
/sddata/projects/Cervical_Cancer_Projects/data/IRIS_cambodia/MSK 000058 003.jpg,/sddata/projects/Cervical_Cancer_Projects/data/IRIS_cambodia/MSK 000058 004.jpg
/sddata/projects/Cervical_Cancer_Projects/data/IRIS_cambodia/MSK 000058 004.jpg,/sddata/projects/Cervical_Cancer_Projects/data/IRIS_cambodia/MSK 000058 005.jpg
/sddata/projects/Cervical_Cancer_Projects/data/IRIS_cambodia/MSK 000058 005.jpg,/sddata/projects/Cervical_Cancer_Projects/data/IRIS_cambodia/MSK 000058 006.jpg
/sddata/projects/Cervical_Cancer_Projects/data/IRIS_cambodia/MSK 000059 001.jpeg,/sddata/projects/Cervical_Cancer_Projects/data/IRIS_cambodia/MSK 000059 002.jpeg
/sddata/projects/Cervical_Cancer_Projects/data/IRIS_cambodia/MSK 000059 002.jpeg,/sddata/projects/Cervical_Cancer_Projects/data/IRIS_cambodia/MSK 000059 003.jpeg
/sddata/projects/Cervical_Cancer_Projects/data/IRIS_cambodia/MSK 000059 003.jpeg,/sddata/projects/Cervical_Cancer_Projects/data/IRIS_cambodia/MSK 000059 004.jpeg
/sddata/projects/Cervical_Cancer_Projects/data/IRIS_cambodia/MSK 000059 004.jpeg,/sddata/projects/Cervical_Cancer_Projects/data/IRIS_cambodia/MSK 000059 005.jpeg
/sddata/projects/Cervical_Cancer_Projects/data/IRIS_cambodia/MSK 000059 005.jpeg,/sddata/projects/Cervical_Cancer_Projects/data/IRIS_cambodia/MSK 000059 006.jpeg
/sddata/projects/Cervical_Cancer_Projects/data/IRIS_cambodia/MSK 000059 006.jpeg,/sddata/projects/Cervical_Cancer_Projects/data/IRIS_cambodia/MSK 000059 007.jpeg
/sddata/projects/Cervical_Cancer_Projects/data/IRIS_cambodia/MSK 000059 007.jpeg,/sddata/projects/Cervical_Cancer_Projects/data/IRIS_cambodia/MSK 000059 008.jpeg
/sddata/projects/Cervical_Cancer_Projects/data/IRIS_cambodia/MSK 000060 001.jpg,/sddata/projects/Cervical_Cancer_Projects/data/IRIS_cambodia/MSK 000060 002.jpg
/sddata/projects/Cervical_Cancer_Projects/data/IRIS_cambodia/MSK 000060 002.jpg,/sddata/projects/Cervical_Cancer_Projects/data/IRIS_cambodia/MSK 000060 003.jpg
/sddata/projects/Cervical_Cancer_Projects/data/IRIS_cambodia/MSK 000060 003.jpg,/sddata/projects/Cervical_Cancer_Projects/data/IRIS_cambodia/MSK 000060 004.jpg
/sddata/projects/Cervical_Cancer_Projects/data/IRIS_cambodia/MSK 000060 004.jpg,/sddata/projects/Cervical_Cancer_Projects/data/IRIS_cambodia/MSK 000060 005.jpg
/sddata/projects/Cervical_Cancer_Projects/data/IRIS_cambodia/MSK 000060 005.jpg,/sddata/projects/Cervical_Cancer_Projects/data/IRIS_cambodia/MSK 000060 006.jpg
/sddata/projects/Cervical_Cancer_Projects/data/IRIS_cambodia/MSK 000061 001.jpeg,/sddata/projects/Cervical_Cancer_Projects/data/IRIS_cambodia/MSK 000061 002.jpeg
/sddata/projects/Cervical_Cancer_Projects/data/IRIS_cambodia/MSK 000061 002.jpeg,/sddata/projects/Cervical_Cancer_Projects/data/IRIS_cambodia/MSK 000061 003.jpeg
/sddata/projects/Cervical_Cancer_Projects/data/IRIS_cambodia/MSK 000061 003.jpeg,/sddata/projects/Cervical_Cancer_Projects/data/IRIS_cambodia/MSK 000061 004.jpeg
/sddata/projects/Cervical_Cancer_Projects/data/IRIS_cambodia/MSK 000061 004.jpeg,/sddata/projects/Cervical_Cancer_Projects/data/IRIS_cambodia/MSK 000061 005.jpeg
/sddata/projects/Cervical_Cancer_Projects/data/IRIS_cambodia/MSK 000061 005.jpeg,/sddata/projects/Cervical_Cancer_Projects/data/IRIS_cambodia/MSK 000061 006.jpeg
/sddata/projects/Cervical_Cancer_Projects/data/IRIS_cambodia/MSK 000061 006.jpeg,/sddata/projects/Cervical_Cancer_Projects/data/IRIS_cambodia/MSK 000061 007.jpeg
/sddata/projects/Cervical_Cancer_Projects/data/IRIS_cambodia/MSK 000061 007.jpeg,/sddata/projects/Cervical_Cancer_Projects/data/IRIS_cambodia/MSK 000061 008.jpeg
/sddata/projects/Cervical_Cancer_Projects/data/IRIS_cambodia/MSK 000061 008.jpeg,/sddata/projects/Cervical_Cancer_Projects/data/IRIS_cambodia/MSK 000061 009.jpeg
/sddata/projects/Cervical_Cancer_Projects/data/IRIS_cambodia/MSK 000061 009.jpeg,/sddata/projects/Cervical_Cancer_Projects/data/IRIS_cambodia/MSK 000061 010.jpeg
/sddata/projects/Cervical_Cancer_Projects/data/IRIS_cambodia/MSK 000062 001.jpeg,/sddata/projects/Cervical_Cancer_Projects/data/IRIS_cambodia/MSK 000062 002.jpeg
/sddata/projects/Cervical_Cancer_Projects/data/IRIS_cambodia/MSK 000062 002.jpeg,/sddata/projects/Cervical_Cancer_Projects/data/IRIS_cambodia/MSK 000062 003.jpeg
/sddata/projects/Cervical_Cancer_Projects/data/IRIS_cambodia/MSK 000062 003.jpeg,/sddata/projects/Cervical_Cancer_Projects/data/IRIS_cambodia/MSK 000062 004.jpeg
/sddata/projects/Cervical_Cancer_Projects/data/IRIS_cambodia/MSK 000062 004.jpeg,/sddata/projects/Cervical_Cancer_Projects/data/IRIS_cambodia/MSK 000062 005.jpeg
/sddata/projects/Cervical_Cancer_Projects/data/IRIS_cambodia/MSK 000062 005.jpeg,/sddata/projects/Cervical_Cancer_Projects/data/IRIS_cambodia/MSK 000062 006.jpeg
/sddata/projects/Cervical_Cancer_Projects/data/IRIS_cambodia/MSK 000062 006.jpeg,/sddata/projects/Cervical_Cancer_Projects/data/IRIS_cambodia/MSK 000062 007.jpeg
/sddata/projects/Cervical_Cancer_Projects/data/IRIS_cambodia/MSK 000062 007.jpeg,/sddata/projects/Cervical_Cancer_Projects/data/IRIS_cambodia/MSK 000062 008.jpeg
/sddata/projects/Cervical_Cancer_Projects/data/IRIS_cambodia/MSK 000063 001.jpeg,/sddata/projects/Cervical_Cancer_Projects/data/IRIS_cambodia/MSK 000063 002.jpeg
/sddata/projects/Cervical_Cancer_Projects/data/IRIS_cambodia/MSK 000063 002.jpeg,/sddata/projects/Cervical_Cancer_Projects/data/IRIS_cambodia/MSK 000063 003.jpeg
/sddata/projects/Cervical_Cancer_Projects/data/IRIS_cambodia/MSK 000063 003.jpeg,/sddata/projects/Cervical_Cancer_Projects/data/IRIS_cambodia/MSK 000063 004.jpeg
/sddata/projects/Cervical_Cancer_Projects/data/IRIS_cambodia/MSK 000063 004.jpeg,/sddata/projects/Cervical_Cancer_Projects/data/IRIS_cambodia/MSK 000063 005.jpeg
/sddata/projects/Cervical_Cancer_Projects/data/IRIS_cambodia/MSK 000063 005.jpeg,/sddata/projects/Cervical_Cancer_Projects/data/IRIS_cambodia/MSK 000063 006.jpeg
/sddata/projects/Cervical_Cancer_Projects/data/IRIS_cambodia/MSK 000063 006.jpeg,/sddata/projects/Cervical_Cancer_Projects/data/IRIS_cambodia/MSK 000063 007.jpeg
/sddata/projects/Cervical_Cancer_Projects/data/IRIS_cambodia/MSK 000063 007.jpeg,/sddata/projects/Cervical_Cancer_Projects/data/IRIS_cambodia/MSK 000063 008.jpeg
/sddata/projects/Cervical_Cancer_Projects/data/IRIS_cambodia/MSK 000063 008.jpeg,/sddata/projects/Cervical_Cancer_Projects/data/IRIS_cambodia/MSK 000063 009.jpeg
/sddata/projects/Cervical_Cancer_Projects/data/IRIS_cambodia/MSK 000063 009.jpeg,/sddata/projects/Cervical_Cancer_Projects/data/IRIS_cambodia/MSK 000063 010.jpeg
/sddata/projects/Cervical_Cancer_Projects/data/IRIS_cambodia/MSK 000063 010.jpeg,/sddata/projects/Cervical_Cancer_Projects/data/IRIS_cambodia/MSK 000063 011.jpeg
/sddata/projects/Cervical_Cancer_Projects/data/IRIS_cambodia/MSK 000063 011.jpeg,/sddata/projects/Cervical_Cancer_Projects/data/IRIS_cambodia/MSK 000063 012.jpeg
/sddata/projects/Cervical_Cancer_Projects/data/IRIS_cambodia/MSK 000064 001.jpg,/sddata/projects/Cervical_Cancer_Projects/data/IRIS_cambodia/MSK 000064 002.jpg
/sddata/projects/Cervical_Cancer_Projects/data/IRIS_cambodia/MSK 000064 002.jpg,/sddata/projects/Cervical_Cancer_Projects/data/IRIS_cambodia/MSK 000064 003.jpg
/sddata/projects/Cervical_Cancer_Projects/data/IRIS_cambodia/MSK 000064 003.jpg,/sddata/projects/Cervical_Cancer_Projects/data/IRIS_cambodia/MSK 000064 004.jpg
/sddata/projects/Cervical_Cancer_Projects/data/IRIS_cambodia/MSK 000064 004.jpg,/sddata/projects/Cervical_Cancer_Projects/data/IRIS_cambodia/MSK 000064 005.jpg
/sddata/projects/Cervical_Cancer_Projects/data/IRIS_cambodia/MSK 000064 005.jpg,/sddata/projects/Cervical_Cancer_Projects/data/IRIS_cambodia/MSK 000064 006.jpg
/sddata/projects/Cervical_Cancer_Projects/data/IRIS_cambodia/MSK 000064 006.jpg,/sddata/projects/Cervical_Cancer_Projects/data/IRIS_cambodia/MSK 000064 007.jpg
/sddata/projects/Cervical_Cancer_Projects/data/IRIS_cambodia/MSK 000064 007.jpg,/sddata/projects/Cervical_Cancer_Projects/data/IRIS_cambodia/MSK 000064 008.jpg
/sddata/projects/Cervical_Cancer_Projects/data/IRIS_cambodia/MSK 000065 001.jpg,/sddata/projects/Cervical_Cancer_Projects/data/IRIS_cambodia/MSK 000065 002.jpg
/sddata/projects/Cervical_Cancer_Projects/data/IRIS_cambodia/MSK 000065 002.jpg,/sddata/projects/Cervical_Cancer_Projects/data/IRIS_cambodia/MSK 000065 003.jpg
/sddata/projects/Cervical_Cancer_Projects/data/IRIS_cambodia/MSK 000065 003.jpg,/sddata/projects/Cervical_Cancer_Projects/data/IRIS_cambodia/MSK 000065 004.jpg
/sddata/projects/Cervical_Cancer_Projects/data/IRIS_cambodia/MSK 000065 004.jpg,/sddata/projects/Cervical_Cancer_Projects/data/IRIS_cambodia/MSK 000065 005.jpg
/sddata/projects/Cervical_Cancer_Projects/data/IRIS_cambodia/MSK 000066 001.jpg,/sddata/projects/Cervical_Cancer_Projects/data/IRIS_cambodia/MSK 000066 002.jpg
/sddata/projects/Cervical_Cancer_Projects/data/IRIS_cambodia/MSK 000066 002.jpg,/sddata/projects/Cervical_Cancer_Projects/data/IRIS_cambodia/MSK 000066 003.jpg
/sddata/projects/Cervical_Cancer_Projects/data/IRIS_cambodia/MSK 000066 003.jpg,/sddata/projects/Cervical_Cancer_Projects/data/IRIS_cambodia/MSK 000066 004.jpg
/sddata/projects/Cervical_Cancer_Projects/data/IRIS_cambodia/MSK 000066 004.jpg,/sddata/projects/Cervical_Cancer_Projects/data/IRIS_cambodia/MSK 000066 005.jpg
/sddata/projects/Cervical_Cancer_Projects/data/IRIS_cambodia/MSK 000066 005.jpg,/sddata/projects/Cervical_Cancer_Projects/data/IRIS_cambodia/MSK 000066 006.jpg
